system,operation,num_nodes,nbytes,npartitions,duration
ray,groupby,1,100000000,200,10.670347213745117
ray,groupby,1,100000000,200,10.274828910827637
ray,groupby,1,100000000,200,10.19061803817749
ray,groupby,1,100000000,200,10.341253519058228
ray,groupby,1,100000000,200,10.694283962249756
ray,groupby,1,100000000,200,10.508273601531982
