system,operation,num_nodes,nbytes,npartitions,duration
dask,groupby,1,100000000,200,11.449276447296143
dask,groupby,1,100000000,200,11.371558427810669
dask,groupby,1,100000000,200,11.222134828567505
dask,groupby,1,100000000,200,11.388811588287354
dask,groupby,1,100000000,200,11.154265403747559
dask,groupby,1,100000000,200,11.64040493965149
