system,operation,num_nodes,nbytes,npartitions,duration
ray,groupby,1,100000000,200,11.049233675003052
ray,groupby,1,100000000,200,10.29860782623291
ray,groupby,1,100000000,200,10.251146078109741
ray,groupby,1,100000000,200,10.368795394897461
ray,groupby,1,100000000,200,10.101701498031616
ray,groupby,1,100000000,200,10.311007261276245
