system,operation,num_nodes,nbytes,npartitions,duration
dask,groupby,1,100000000,200,12.878245115280151
dask,groupby,1,100000000,200,11.61158299446106
dask,groupby,1,100000000,200,11.823918104171753
dask,groupby,1,100000000,200,11.22530198097229
dask,groupby,1,100000000,200,11.366710901260376
dask,groupby,1,100000000,200,11.45004940032959
